{"cameraMode":{"drawMode":0,"name":"Shaded","section":"Shading Mode"},"sceneLighting":false,"audioPlay":false,"sceneViewState":{"showFog":false,"showMaterialUpdate":false,"showSkybox":false,"showFlares":false,"showImageEffects":false,"showParticleSystems":false,"showVisualEffectGraphs":true,"m_FxEnabled":true},"in2DMode":false,"pivot":{"x":0.23382559418678285,"y":1.4891750812530518,"z":-0.0002459100214764476},"rotation":{"x":-0.01187688298523426,"y":-0.9799965023994446,"z":0.18897974491119386,"w":-0.06152590736746788},"size":0.20170791447162629,"orthographic":false}