{"cameraMode":{"drawMode":0,"name":"Shaded","section":"Shading Mode"},"sceneLighting":false,"audioPlay":false,"sceneViewState":{"showFog":false,"showMaterialUpdate":false,"showSkybox":false,"showFlares":false,"showImageEffects":false,"showParticleSystems":false,"showVisualEffectGraphs":true,"m_FxEnabled":true},"in2DMode":false,"pivot":{"x":0.5584993958473206,"y":4.028214931488037,"z":2.4834249019622804},"rotation":{"x":-0.0005426690331660211,"y":0.9994523525238037,"z":-0.02099185809493065,"w":-0.026381220668554307},"size":0.16498446464538575,"orthographic":false}